machine_id,time,x,y,z
0,0.009643, 0.135232, -0.665496, 0.725853
1,0.009643, 0.135232, -0.665496, 0.725853
2,0.006927, -0.043986, -0.095770, -0.044378
3,0.007232, 0.011801, -0.145264, -0.058940